Workbook

Sheet Overal
A1: Material | B1: Category | C1: ε | D1: ε (as reported) | E1: Deff/Dab (ε^1.5) | F1: Source
A2: =shells!A2 -> almond shell | B2: Shells | C2: =shells!C2 -> 0.633 | D2: =shells!B2 -> 0.633 | E2: =C2^1.5 -> 0.50362301 | F2: =shells!D2 -> https://www.sciencedirect.com/science/article/pii/S2352186425006182
A3: =Pomaces!A2 -> grape pomace | B3: Pomaces | C3: =Pomaces!C2 -> 0.15 | D3: =Pomaces!B2 -> 0.15 | E3: =C3^1.5 -> 0.05809475 | F3: =Pomaces!D2 -> https://doi.org/10.1016/j.conbuildmat.2021.124142
A4: ='Fresh Fruits & Vegetables'!A2 -> Apple | B4: Fresh fruits & vegetables | C4: ='Fresh Fruits & Vegetables'!C2 -> 0.197 | D4: ='Fresh Fruits & Vegetables'!B2 -> 0.197 | E4: =C4^1.5 -> 0.087437824 | F4: ='Fresh Fruits & Vegetables'!D2 -> 10.1016/j.postharvbio.2018.12.016.
A5: ='Fresh Fruits & Vegetables'!A3 -> turnip | B5: Fresh fruits & vegetables | C5: ='Fresh Fruits & Vegetables'!C3 -> 0.233 | D5: ='Fresh Fruits & Vegetables'!B3 -> 0.233 | E5: =C5^1.5 -> 0.11246927 | F5: ='Fresh Fruits & Vegetables'!D3 -> 10.1016/j.postharvbio.2018.12.016.
A6: ='Fresh Fruits & Vegetables'!A4 -> pear | B6: Fresh fruits & vegetables | C6: ='Fresh Fruits & Vegetables'!C4 -> 0.4 | D6: ='Fresh Fruits & Vegetables'!B4 -> 0.4 | E6: =C6^1.5 -> 0.25298221 | F6: ='Fresh Fruits & Vegetables'!D4 -> 10.1016/j.postharvbio.2018.12.016.
A7: ='Fresh Fruits & Vegetables'!A5 -> Eggplant | B7: Fresh fruits & vegetables | C7: ='Fresh Fruits & Vegetables'!C5 -> 0.418 | D7: ='Fresh Fruits & Vegetables'!B5 -> 0.418 | E7: =C7^1.5 -> 0.2702492 | F7: ='Fresh Fruits & Vegetables'!D5 -> 10.1016/j.postharvbio.2018.12.016.
A8: ='Fresh Fruits & Vegetables'!A6 -> potato | B8: Fresh fruits & vegetables | C8: ='Fresh Fruits & Vegetables'!C6 -> 0.05 | D8: ='Fresh Fruits & Vegetables'!B6 -> 0.05 | E8: =C8^1.5 -> 0.01118034 | F8: ='Fresh Fruits & Vegetables'!D6 -> 10.1016/j.jfoodeng.2020.109912.
A9: ='Nuts, seeds and grains'!A2 -> Wheat kernal | B9: Nuts, seeds & grains | C9: ='Nuts, seeds and grains'!C2 -> 0.052 | D9: ='Nuts, seeds and grains'!B2 -> 0.052 | E9: =C9^1.5 -> 0.011857824 | F9: ='Nuts, seeds and grains'!D2 -> https://cerealsgrains.org/publications/cc/backissues/1988/Documents/CC1988a03.html
A10: ='Nuts, seeds and grains'!A3 -> Corn kernel | B10: Nuts, seeds & grains | C10: ='Nuts, seeds and grains'!C3 -> 0.125 | D10: ='Nuts, seeds and grains'!B3 -> 0.125 | E10: =C10^1.5 -> 0.044194174 | F10: ='Nuts, seeds and grains'!D3 -> https://cerealsgrains.org/publications/cc/backissues/1988/Documents/CC1988a03.html
A11: ='Nuts, seeds and grains'!A4 -> Sorghum kernal | B11: Nuts, seeds & grains | C11: ='Nuts, seeds and grains'!C4 -> 0.098 | D11: ='Nuts, seeds and grains'!B4 -> 0.098 | E11: =C11^1.5 -> 0.030678853 | F11: ='Nuts, seeds and grains'!D4 -> https://cerealsgrains.org/publications/cc/backissues/1988/Documents/CC1988a03.html
A12: ='stalks and straw'!A2 -> wheat straw | B12: Stalks & straw | C12: ='stalks and straw'!C2 -> 0.825 | D12: ='stalks and straw'!B2 -> 0.89-0.86 | E12: =C12^1.5 -> 0.74934346 | F12: ='stalks and straw'!F2 -> https://www.construction21.org/community/pg/pages/view/35812/
A13: ='stalks and straw'!A3 -> Hemp stalks | B13: Stalks & straw | C13: ='stalks and straw'!C3 -> 0.77 | D13: ='stalks and straw'!B3 -> 0.77 | E13: =C13^1.5 -> 0.67567226 | F13: ='stalks and straw'!F3 -> https://doi.org/10.1098/rsos.171945
A14: ='stalks and straw'!A4 -> Grape stalks | B14: Stalks & straw | C14: ='stalks and straw'!C4 -> 0.49 | D14: ='stalks and straw'!B4 -> 0.49 | E14: =C14^1.5 -> 0.343 | F14: ='stalks and straw'!F4 -> https://doi.org/10.1016/j.conbuildmat.2021.124142
A15: =leaves!A2 -> arabidosis leaves | B15: Leaves | C15: =leaves!C2 -> 0.26 | D15: =leaves!B2 -> 0.26 | E15: =C15^1.5 -> 0.13257451 | F15: =leaves!D2 -> https://doi.org/10.1186/s13007-018-0367-7
A16: =leaves!A3 -> pea leaves | B16: Leaves | C16: =leaves!C3 -> 0.205 | D16: =leaves!B3 -> 0.205 | E16: =C16^1.5 -> 0.092817698 | F16: =leaves!D3 -> https://doi.org/10.1186/s13007-018-0367-8
A17: =leaves!A4 -> tomato leaves | B17: Leaves | C17: =leaves!C4 -> 0.211 | D17: =leaves!B4 -> 0.211 | E17: =C17^1.5 -> 0.096922294 | F17: =leaves!D4 -> https://doi.org/10.1186/s13007-018-0367-9
A18: =leaves!A5 -> oat leaves | B18: Leaves | C18: =leaves!C5 -> 0.182 | D18: =leaves!B5 -> 0.182 | E18: =C18^1.5 -> 0.077643854 | F18: =leaves!D5 -> https://doi.org/10.1186/s13007-018-0367-10
A19: =leaves!A6 -> rice leaves | B19: Leaves | C19: =leaves!C6 -> 0.118 | D19: =leaves!B6 -> 0.118 | E19: =C19^1.5 -> 0.040534331 | F19: =leaves!D6 -> https://doi.org/10.1186/s13007-018-0367-11
A20: =leaves!A7 -> barley leaves | B20: Leaves | C20: =leaves!C7 -> 0.274 | D20: =leaves!B7 -> 0.274 | E20: =C20^1.5 -> 0.14342533 | F20: =leaves!D7 -> https://doi.org/10.1186/s13007-018-0367-12
A21: ='Woody Biomass'!A2 -> Chipped wood (isotropic avg) | B21: Woody biomass | C21: ='Woody Biomass'!D2 -> 0.575 | D21: ='Woody Biomass'!C2 -> 0.55–0.60 | E21: ='Woody Biomass'!C6 -> 0.225 | F21: ='Woody Biomass'!H2 -> 10.3389/fenrg.2022.850630.
A23: Notes
A24: Each row links to its category tab. ε is the midpoint value; Deff/Dab = ε^1.5 (woody biomass uses ε/τ). Hulls has no data yet. New rows added on a category tab need a row added here too.

Sheet Category average
A1: Material | B1: Category | C1: ε (average) | D1: ε (range) | E1: Deff/Dab average (ε^1.5) | F1: Source
A2: =_xlfn.TEXTJOIN(", ",TRUE(),shells!A2:A7) -> almond shell | B2: Shells | C2: =IFERROR(shells!B9,"no data") -> 0.633 | D2: =IF(COUNT(shells!C2:C7)=0,"no data",IF(MIN(shells!C2:C7)=MAX(shells!C2:C7),TEXT(MIN(shells!C2:C7),"0.000"),TEXT(MIN(shells!C2:C7),"0.000")&"–"&TEXT(MAX(shells!C2:C7),"0.000"))) -> 0.633 | E2: =IFERROR(shells!C9,"no data") -> 0.50362301 | F2: https://www.sciencedirect.com/science/article/pii/S2352186425006182
A3: =_xlfn.TEXTJOIN(", ",TRUE(),Pomaces!A2:A3) -> grape pomace | B3: Pomaces | C3: =IFERROR(Pomaces!B5,"no data") -> 0.15 | D3: =IF(COUNT(Pomaces!C2:C3)=0,"no data",IF(MIN(Pomaces!C2:C3)=MAX(Pomaces!C2:C3),TEXT(MIN(Pomaces!C2:C3),"0.000"),TEXT(MIN(Pomaces!C2:C3),"0.000")&"–"&TEXT(MAX(Pomaces!C2:C3),"0.000"))) -> 0.150 | E3: =IFERROR(Pomaces!C5,"no data") -> 0.05809475 | F3: https://doi.org/10.1016/j.conbuildmat.2021.124142
A4: =_xlfn.TEXTJOIN(", ",TRUE(),'Fresh Fruits & Vegetables'!A2:A10) -> Apple, turnip, pear, Eggplant, potato | B4: Fresh fruits & vegetables | C4: =IFERROR('Fresh Fruits & Vegetables'!B12,"no data") -> 0.2596 | D4: =IF(COUNT('Fresh Fruits & Vegetables'!C2:C10)=0,"no data",IF(MIN('Fresh Fruits & Vegetables'!C2:C10)=MAX('Fresh Fruits & Vegetables'!C2:C10),TEXT(MIN('Fresh Fruits & Vegetables'!C2:C10),"0.000"),TEXT(MIN('Fresh Fruits & Vegetables'!C2:C10),"0.000")&"–"&TEXT(MAX('Fresh Fruits & Vegetables'!C2:C10),"0.000"))) -> 0.050–0.418 | E4: =IFERROR('Fresh Fruits & Vegetables'!C12,"no data") -> 0.13226868 | F4: 10.1016/j.postharvbio.2018.12.016; 10.1016/j.jfoodeng.2020.109912
A5: =_xlfn.TEXTJOIN(", ",TRUE(),'Nuts, seeds and grains'!A2:A4) -> Wheat kernal, Corn kernel, Sorghum kernal | B5: Nuts, seeds & grains | C5: =IFERROR('Nuts, seeds and grains'!B6,"no data") -> 0.091666667 | D5: =IF(COUNT('Nuts, seeds and grains'!C2:C4)=0,"no data",IF(MIN('Nuts, seeds and grains'!C2:C4)=MAX('Nuts, seeds and grains'!C2:C4),TEXT(MIN('Nuts, seeds and grains'!C2:C4),"0.000"),TEXT(MIN('Nuts, seeds and grains'!C2:C4),"0.000")&"–"&TEXT(MAX('Nuts, seeds and grains'!C2:C4),"0.000"))) -> 0.052–0.125 | E5: =IFERROR('Nuts, seeds and grains'!C6,"no data") -> 0.027753462 | F5: https://cerealsgrains.org/publications/cc/backissues/1988/Documents/CC1988a03.html
A6: =_xlfn.TEXTJOIN(", ",TRUE(),hulls!A2:A5) | B6: Hulls | C6: =IFERROR(hulls!B7,"no data") -> no data | D6: =IF(COUNT(hulls!C2:C5)=0,"no data",IF(MIN(hulls!C2:C5)=MAX(hulls!C2:C5),TEXT(MIN(hulls!C2:C5),"0.000"),TEXT(MIN(hulls!C2:C5),"0.000")&"–"&TEXT(MAX(hulls!C2:C5),"0.000"))) -> no data | E6: =IFERROR(hulls!C7,"no data") -> no data | F6: no data entered yet
A7: =_xlfn.TEXTJOIN(", ",TRUE(),'stalks and straw'!A2:A6) -> wheat straw, Hemp stalks, Grape stalks | B7: Stalks & straw | C7: =IFERROR('stalks and straw'!B8,"no data") -> 0.695 | D7: =IF(COUNT('stalks and straw'!C2:C6)=0,"no data",IF(MIN('stalks and straw'!C2:C6)=MAX('stalks and straw'!C2:C6),TEXT(MIN('stalks and straw'!C2:C6),"0.000"),TEXT(MIN('stalks and straw'!C2:C6),"0.000")&"–"&TEXT(MAX('stalks and straw'!C2:C6),"0.000"))) -> 0.490–0.825 | E7: =IFERROR('stalks and straw'!C8,"no data") -> 0.57939829 | F7: https://www.construction21.org/community/pg/pages/view/35812/; https://doi.org/10.1098/rsos.171945; https://doi.org/10.1016/j.conbuildmat.2021.124142
A8: =_xlfn.TEXTJOIN(", ",TRUE(),leaves!A2:A8) -> arabidosis leaves, pea leaves, tomato leaves, oat leaves, rice leaves, barley leaves | B8: Leaves | C8: =IFERROR(leaves!B10,"no data") -> 0.20833333 | D8: =IF(COUNT(leaves!C2:C8)=0,"no data",IF(MIN(leaves!C2:C8)=MAX(leaves!C2:C8),TEXT(MIN(leaves!C2:C8),"0.000"),TEXT(MIN(leaves!C2:C8),"0.000")&"–"&TEXT(MAX(leaves!C2:C8),"0.000"))) -> 0.118–0.274 | E8: =IFERROR(leaves!C10,"no data") -> 0.095090722 | F8: https://doi.org/10.1186/s13007-018-0367-7
A9: =_xlfn.TEXTJOIN(", ",TRUE(),'Woody Biomass'!A2:A4) -> Chipped wood (isotropic avg) | B9: Woody biomass | C9: =IFERROR('Woody Biomass'!B6,"no data") -> 0.575 | D9: ='Woody Biomass'!C2 -> 0.55–0.60 | E9: =IFERROR('Woody Biomass'!C6,"no data") -> 0.225 | F9: 10.3389/fenrg.2022.850630
A11: Notes
A12: ε average and Deff/Dab link to the "average" rows on each category tab. ε range is min–max of the midpoint column. Woody biomass Deff/Dab is ε/τ, not ε^1.5.

Sheet shells
A1: Material | B1: Porosity (ε) | C1: porosity midpoint | D1: source
A2: almond shell | B2: 0.633 | C2: 0.633 | D2: https://www.sciencedirect.com/science/article/pii/S2352186425006182
B8: porosity | C8: Deff/D
A9: average | B9: =AVERAGE(C2:C5) -> 0.633 | C9: =B9^1.5 -> 0.50362301
A10: max | B10: 0.45 | C10: =B10^1.5 -> 0.30186918
A11: min | B11: 0.18 | C11: =B11^1.5 -> 0.076367532

Sheet Pomaces
A1: Material | B1: Porosity (ε) | C1: porosity midpoint | D1: Source
A2: grape pomace | B2: 0.15 | C2: 0.15 | D2: https://doi.org/10.1016/j.conbuildmat.2021.124142
B4: porosity | C4: Deff/D
A5: average | B5: =AVERAGE(C2:C3) -> 0.15 | C5: =B5^1.5 -> 0.05809475
A6: max | B6: 0.45 | C6: =B6^1.5 -> 0.30186918
A7: min | B7: 0.18 | C7: =B7^1.5 -> 0.076367532

Sheet Fresh Fruits & Vegetables
A1: Material | B1: Porosity (ε) | C1: Midpoint | D1: Source
A2: Apple | B2: 0.197 | C2: =AVERAGE(B2:B2) -> 0.197 | D2: 10.1016/j.postharvbio.2018.12.016.
A3: turnip | B3: 0.233 | C3: =AVERAGE(B3:B3) -> 0.233 | D3: 10.1016/j.postharvbio.2018.12.016.
A4: pear | B4: 0.4 | C4: =AVERAGE(B4:B4) -> 0.4 | D4: 10.1016/j.postharvbio.2018.12.016.
A5: Eggplant | B5: 0.418 | C5: =AVERAGE(B5:B5) -> 0.418 | D5: 10.1016/j.postharvbio.2018.12.016.
A6: potato | B6: 0.05 | C6: =AVERAGE(B6:B6) -> 0.05 | D6: 10.1016/j.jfoodeng.2020.109912.
B11: porosity | C11: Deff/D
A12: Average | B12: =AVERAGE(C2:C8) -> 0.2596 | C12: =B12^1.5 -> 0.13226868

Sheet Nuts, seeds and grains
A1: Material | B1: Porosity (ε) | C1: porosity midpoint | D1: Source
A2: Wheat kernal | B2: 0.052 | C2: 0.052 | D2: https://cerealsgrains.org/publications/cc/backissues/1988/Documents/CC1988a03.html
A3: Corn kernel | B3: 0.125 | C3: 0.125 | D3: https://cerealsgrains.org/publications/cc/backissues/1988/Documents/CC1988a03.html
A4: Sorghum kernal | B4: 0.098 | C4: 0.098 | D4: https://cerealsgrains.org/publications/cc/backissues/1988/Documents/CC1988a03.html
B5: porosity | C5: Deff/D
A6: average | B6: =AVERAGE(C2:C4) -> 0.091666667 | C6: =B6^1.5 -> 0.027753462

Sheet hulls
A1: Material | B1: Porosity (ε) | C1: midpoint | D1: Data Type | E1: Method / Notes | F1: Source
B6: porosity | C6: Deff/D
A7: average | B7: =AVERAGE(#REF!) -> #REF! | C7: =B7^1.5 -> #REF!
A8: max
A9: min

Sheet stalks and straw
A1: Material | B1: Porosity (ε) | C1: porosity midpoint | D1: Data Type | E1: Method / Notes | F1: Source
A2: wheat straw | B2: 0.89-0.86 | C2: =AVERAGE(0.79,0.86) -> 0.825 | F2: https://www.construction21.org/community/pg/pages/view/35812/
A3: Hemp stalks | B3: 0.77 | C3: 0.77 | F3: https://doi.org/10.1098/rsos.171945
A4: Grape stalks | B4: 0.49 | C4: 0.49 | F4: https://doi.org/10.1016/j.conbuildmat.2021.124142
B7: porosity | C7: Deff/D
A8: average | B8: =AVERAGE(C2:C4) -> 0.695 | C8: =B8^1.5 -> 0.57939829
A9: max | B9: 0.35 | C9: =B9^1.5 -> 0.20706279
A10: min | B10: 0.56 | C10: =B10^1.5 -> 0.41906563

Sheet leaves
A1: Material | B1: Porosity (ε) | C1: Midpoint | D1: Source
A2: arabidosis leaves | B2: 0.26 | C2: 0.26 | D2: https://doi.org/10.1186/s13007-018-0367-7
A3: pea leaves | B3: 0.205 | C3: 0.205 | D3: https://doi.org/10.1186/s13007-018-0367-8
A4: tomato leaves | B4: 0.211 | C4: 0.211 | D4: https://doi.org/10.1186/s13007-018-0367-9
A5: oat leaves | B5: 0.182 | C5: 0.182 | D5: https://doi.org/10.1186/s13007-018-0367-10
A6: rice leaves | B6: 0.118 | C6: 0.118 | D6: https://doi.org/10.1186/s13007-018-0367-11
A7: barley leaves | B7: 0.274 | C7: 0.274 | D7: https://doi.org/10.1186/s13007-018-0367-12
B9: porosity | C9: Deff/D
A10: average | B10: =AVERAGE(C2:C7) -> 0.20833333 | C10: =B10^1.5 -> 0.095090722
A11: max | B11: 0.35 | C11: =B11^1.5 -> 0.20706279
A12: min | B12: 0.56 | C12: =B12^1.5 -> 0.41906563

Sheet Woody Biomass
A1: Material | B1: Direction | C1: Porosity (ε) | D1: porosity midpoint | E1: Tortuosity (τ) | F1: Tortuosity mid point (τ) | G1: ε/τ | H1: Source
A2: Chipped wood (isotropic avg) | B2: Mixed | C2: 0.55–0.60 | D2: 0.575 | E2: 2–4 | F2: 3 | G2: 0.15–0.30 | H2: 10.3389/fenrg.2022.850630.
B5: poristy | C5: Deff/dAN
A6: Average | B6: 0.575 | C6: 0.225 | G6: caclualted from the average from chipped wood this time rather thatn the correlation, as that data was avaialbel
